job_id,inferred,type
3884426997,1,401(k)
3884910775,1,401(k)
3884910775,1,Medical insurance
3884912975,0,Medical insurance
3884912975,0,Vision insurance
3884912975,0,Dental insurance
3884912975,0,401(k)
3884926003,1,Medical insurance
3884926003,1,Paid paternity leave
3884926003,1,401(k)
3887483549,0,Medical insurance
3887483549,0,Vision insurance
3887483549,0,Dental insurance
3887483549,0,401(k)
3887483549,0,Disability insurance
3884935167,1,Commuter benefits
3884935167,1,401(k)
3884935167,1,Tuition assistance
3884440738,1,401(k)
3887712308,1,401(k)
3887842032,1,Vision insurance
3887834973,1,401(k)
3887839185,1,401(k)
3884435133,0,Medical insurance
3884435133,0,Vision insurance
3884435133,0,Dental insurance
3884435133,0,401(k)
3887837908,1,401(k)
3884935193,1,Commuter benefits
3884935193,1,401(k)
3884450335,0,401(k)
3884450335,0,Dental insurance
3884450335,0,Medical insurance
3884450335,0,Vision insurance
3887833738,1,401(k)
3887833738,1,Disability insurance
3887833738,1,Dental insurance
3887836616,1,401(k)
3887836616,1,Disability insurance
3887836616,1,Dental insurance
3887838659,1,401(k)
3887838655,1,401(k)
3887832873,0,Medical insurance
3887832873,0,Vision insurance
3887832873,0,Dental insurance
3887832873,0,401(k)
3887477817,0,Medical insurance
3887477817,0,Vision insurance
3887477817,0,Dental insurance
3887477817,0,401(k)
3887477817,0,Disability insurance
3884812706,1,401(k)
3884440276,0,Medical insurance
3884440276,0,Vision insurance
3884440276,0,Dental insurance
3884440276,0,401(k)
3884440276,0,Paid maternity leave
3884440276,0,Paid paternity leave
3887841111,1,401(k)
3884933136,0,Medical insurance
3884933136,0,Vision insurance
3884933136,0,Dental insurance
3884933136,0,401(k)
3884933136,0,Paid maternity leave
3884933136,0,Paid paternity leave
3887831873,0,Medical insurance
3887831873,0,Vision insurance
3887831873,0,Dental insurance
3887831873,0,401(k)
3887839224,1,401(k)
3887839231,1,401(k)
3884928681,0,Medical insurance
3884928681,0,Vision insurance
3884928681,0,Dental insurance
3884928681,0,401(k)
3884928681,0,Pension plan
3884824095,1,401(k)
3887834975,1,401(k)
3885827477,1,401(k)
3885827511,1,401(k)
3887885409,1,Vision insurance
3887885409,1,401(k)
3885827472,1,401(k)
3885827472,1,Dental insurance
3885827472,1,Medical insurance
3885827472,1,Vision insurance
3887831804,1,401(k)
3887831804,1,Disability insurance
3887831804,1,Dental insurance
3887882676,1,Vision insurance
3887882676,1,401(k)
3885826577,1,401(k)
3885826581,1,401(k)
3885826581,1,Disability insurance
3885826581,1,Vision insurance
3888003922,1,401(k)
3884933455,1,Commuter benefits
3884933455,1,401(k)
3884933157,0,Medical insurance
3884933157,0,Pension plan
3884933157,0,Tuition assistance
3884933157,0,Disability insurance
3884933157,0,Paid maternity leave
3884933157,0,Vision insurance
3884933157,0,Dental insurance
3884933157,0,401(k)
3888005809,1,401(k)
3885824680,1,Disability insurance
3885824680,1,401(k)
3885821986,1,401(k)
3885836904,1,Vision insurance
3885836904,1,401(k)
3885836904,1,Disability insurance
3885866714,0,Medical insurance
3885866714,0,Vision insurance
3885866714,0,Dental insurance
3885866714,0,401(k)
3884936872,1,401(k)
3885853945,1,401(k)
3885853945,1,Disability insurance
3885837772,1,401(k)
3885823647,1,401(k)
3885860817,0,Medical insurance
3885860817,0,Vision insurance
3885860817,0,Dental insurance
3885860817,0,401(k)
3885860817,0,Disability insurance
3888009426,1,401(k)
3885838582,1,Medical insurance
3885838582,1,401(k)
3885866755,0,Medical insurance
3885866755,0,Vision insurance
3885866755,0,Dental insurance
3885866755,0,401(k)
3888005814,1,401(k)
3885840583,1,401(k)
3885868290,0,Medical insurance
3885868290,0,Vision insurance
3885868290,0,Dental insurance
3885868290,0,401(k)
3885868290,0,Disability insurance
3885828024,1,Vision insurance
3885828017,1,Vision insurance
3885838575,1,401(k)
3888008603,1,401(k)
3887890785,1,401(k)
3887890785,1,Commuter benefits
3887895396,1,401(k)
3887895396,1,Disability insurance
3888003908,1,401(k)
3885862246,0,Medical insurance
3885862246,0,Vision insurance
3885862246,0,Dental insurance
3885862246,0,401(k)
3885865831,0,Medical insurance
3885865831,0,Vision insurance
3885865831,0,Dental insurance
3885865831,0,401(k)
3885865831,0,Disability insurance
3887880158,1,401(k)
3888006736,1,401(k)
3885826592,1,401(k)
3885856867,1,401(k)
3885856867,1,Tuition assistance
3887893505,1,401(k)
3887893505,1,Commuter benefits
3885865251,0,Medical insurance
3885865251,0,Vision insurance
3885865251,0,Dental insurance
3885865251,0,401(k)
3885866496,0,Medical insurance
3885866496,0,Vision insurance
3885866496,0,Dental insurance
3885866496,0,401(k)
3885837872,1,401(k)
3885821886,1,401(k)
3885821886,1,Dental insurance
3885821886,1,Disability insurance
3885821886,1,Medical insurance
3885821886,1,Vision insurance
3886205419,1,Dental insurance
3888032422,0,Medical insurance
3888032422,0,Vision insurance
3888032422,0,Dental insurance
3888032422,0,401(k)
3888032422,0,Paid paternity leave
3888032422,0,Commuter benefits
3888032422,0,Disability insurance
3886208870,0,401(k)
3886208870,0,Dental insurance
3886208870,0,Vision insurance
3886208870,0,Medical insurance
3888030688,0,Medical insurance
3888030688,0,Vision insurance
3888030688,0,Dental insurance
3888030688,0,401(k)
3888030688,0,Paid paternity leave
3888030688,0,Commuter benefits
3888030688,0,Disability insurance
3886214621,1,Tuition assistance
3888028977,0,Vision insurance
3888028977,0,Medical insurance
3888028977,0,Dental insurance
3888028977,0,401(k)
3888028977,0,Commuter benefits
3888028977,0,Disability insurance
3888032631,0,Medical insurance
3888032631,0,Vision insurance
3888032631,0,Dental insurance
3888032631,0,401(k)
3888032631,0,Commuter benefits
3888032631,0,Disability insurance
3885109789,0,Medical insurance
3885109789,0,Dental insurance
3885109789,0,401(k)
3885109789,0,Vision insurance
3885109789,0,Commuter benefits
3885109789,0,Disability insurance
3888032669,0,Medical insurance
3888032669,0,Vision insurance
3888032669,0,Dental insurance
3888032669,0,401(k)
3888032669,0,Paid paternity leave
3888032669,0,Commuter benefits
3888032669,0,Disability insurance
3887576078,1,401(k)
3887576078,1,Tuition assistance
3887574208,1,401(k)
3887574208,1,Tuition assistance
3888936396,1,401(k)
3888936396,1,Disability insurance
3887549972,1,401(k)
3887573209,1,401(k)
3887572591,1,401(k)
3887574292,1,401(k)
3887573198,1,401(k)
3887575070,1,401(k)
3887571599,1,401(k)
3888950255,1,401(k)
3887574135,1,401(k)
3888944894,1,401(k)
3888944894,1,Commuter benefits
3888961631,1,401(k)
3887588777,1,401(k)
3888959901,1,401(k)
3887910234,1,401(k)
3887910234,1,Pension plan
3886451369,1,401(k)
3887594234,1,401(k)
3887571627,1,401(k)
3887586990,1,Vision insurance
3887587884,1,401(k)
3887590386,1,401(k)
3887596164,1,401(k)
3889128532,1,401(k)
3888972924,1,Vision insurance
3888972924,1,401(k)
3888976434,1,401(k)
3888965406,1,401(k)
3888965406,1,Medical insurance
3888965406,1,Vision insurance
3888965406,1,Dental insurance
3886470040,1,Medical insurance
3886470040,1,Commuter benefits
3887590342,1,401(k)
3887588986,1,401(k)
3889132024,1,401(k)
3887911102,1,401(k)
3888978094,1,Medical insurance
3889125743,1,401(k)
3888949147,1,401(k)
3888949147,1,Commuter benefits
3887588751,1,401(k)
3887588751,1,Dental insurance
3887588751,1,Medical insurance
3887588751,1,Vision insurance
3887903961,1,401(k)
3887903961,1,Medical insurance
3889124238,1,401(k)
3889124238,1,Disability insurance
3889130230,1,401(k)
3888949285,1,401(k)
3888949285,1,Medical insurance
3888949285,1,Disability insurance
3888951829,1,401(k)
3886463268,0,401(k)
3886463268,0,Medical insurance
3887586985,1,Vision insurance
3888979060,1,401(k)
3887593493,1,401(k)
3887595049,1,401(k)
3887908559,1,401(k)
3886481592,1,401(k)
3886481592,1,Vision insurance
3887571625,1,401(k)
3887591292,1,Vision insurance
3888944910,1,401(k)
3888944910,1,Commuter benefits
3887905795,1,401(k)
3887915702,1,401(k)
3888979065,1,Vision insurance
3887914781,1,401(k)
3888961634,1,401(k)
3887589658,1,401(k)
3889126514,1,401(k)
3887909457,1,401(k)
3889123312,1,401(k)
3889123312,1,Disability insurance
3889129380,1,401(k)
3887575071,1,401(k)
3887592218,1,401(k)
3887912100,1,401(k)
3887912100,1,Vision insurance
3886451402,1,401(k)
3886451402,1,Commuter benefits
3886457118,1,Medical insurance
3889129377,1,401(k)
3889127652,1,401(k)
3887586925,1,401(k)
3888975578,1,Vision insurance
3888962378,1,401(k)
3887987339,1,Commuter benefits
3887987339,1,401(k)
3887988306,1,Commuter benefits
3887988306,1,401(k)
3887990151,1,Commuter benefits
3887990151,1,401(k)
3886836601,1,401(k)
3886836601,1,Commuter benefits
3886839101,1,401(k)
3886839101,1,Commuter benefits
3886840069,1,401(k)
3886840069,1,Commuter benefits
3886838200,1,401(k)
3886838200,1,Commuter benefits
3886835681,1,401(k)
3886835681,1,Commuter benefits
3886837516,1,401(k)
3886837516,1,Commuter benefits
3886840060,1,401(k)
3886840060,1,Commuter benefits
3886839113,1,401(k)
3886839113,1,Commuter benefits
3886838138,1,401(k)
3886838138,1,Commuter benefits
3886834922,1,401(k)
3886834922,1,Commuter benefits
3886842018,1,401(k)
3886842018,1,Commuter benefits
3886834887,1,401(k)
3886834887,1,Commuter benefits
3889416411,1,Medical insurance
3887992130,1,401(k)
3887992132,1,401(k)
3889426996,1,401(k)
3889426996,1,Medical insurance
3889426996,1,Disability insurance
3889432200,1,401(k)
3889432200,1,Dental insurance
3889429461,1,401(k)
3889429461,1,Medical insurance
3889429461,1,Disability insurance
3889441746,1,401(k)
3889438949,1,401(k)
3886858394,1,Vision insurance
3886858394,1,401(k)
3888405707,1,Disability insurance
3888405707,1,401(k)
3888405707,1,Tuition assistance
3888405707,1,Pension plan
3886855611,1,Vision insurance
3886855611,1,401(k)
3888402844,1,Disability insurance
3888402844,1,401(k)
3888402844,1,Tuition assistance
3888402844,1,Pension plan
3888409593,1,401(k)
3888411468,1,Medical insurance
3888411468,1,401(k)
3888410413,1,401(k)
3888411439,1,401(k)
3888411439,1,Vision insurance
3888409594,1,401(k)
3888409254,1,401(k)
3888414183,1,401(k)
3888411469,1,401(k)
3888402613,1,Pension plan
3888404932,1,Pension plan
3888408964,1,401(k)
3888411443,1,401(k)
3888408122,1,401(k)
3886865557,1,Medical insurance
3886865557,1,Commuter benefits
3888413244,1,401(k)
3888402628,1,401(k)
3888407231,1,Vision insurance
3888407231,1,401(k)
3888407231,1,Disability insurance
3888408451,1,401(k)
3888405470,1,401(k)
3888414068,1,401(k)
3888402618,1,Vision insurance
3888402618,1,Disability insurance
3888403603,1,401(k)
3888403636,1,Dental insurance
3888403636,1,Medical insurance
3888402607,1,401(k)
3888401836,1,401(k)
3888407252,1,401(k)
3888407230,1,401(k)
3888404709,1,401(k)
3888409590,1,401(k)
3888409590,1,Vision insurance
3888404609,1,Medical insurance
3888404609,1,Vision insurance
3888404609,1,Dental insurance
3888404609,1,Disability insurance
3886862709,1,Medical insurance
3888407774,1,401(k)
3889494967,0,401(k)
3889494967,0,Paid maternity leave
3889494967,0,Paid paternity leave
3889494967,0,Medical insurance
3889494967,0,Vision insurance
3889494967,0,Dental insurance
3888401857,1,Medical insurance
3889703195,0,401(k)
3889703195,0,Paid maternity leave
3889703195,0,Paid paternity leave
3889703195,0,Medical insurance
3889703195,0,Vision insurance
3889703195,0,Dental insurance
3888476855,1,401(k)
3889720311,1,401(k)
3889717570,1,401(k)
3889720320,1,Tuition assistance
3889720299,1,401(k)
3889720299,1,Disability insurance
3889719442,1,401(k)
3886896336,1,401(k)
3889713231,0,Medical insurance
3889720191,1,Tuition assistance
3889715800,1,401(k)
3889740264,0,Medical insurance
3889740264,0,Vision insurance
3889740264,0,Dental insurance
3889740264,0,401(k)
3888830068,1,401(k)
3888805468,1,401(k)
3888805468,1,Dental insurance
3888805468,1,Medical insurance
3889719465,1,401(k)
3889709234,0,Medical insurance
3889709234,0,Vision insurance
3889709234,0,Dental insurance
3889709234,0,401(k)
3886886224,1,401(k)
3889715841,1,401(k)
3889714724,1,Tuition assistance
3889718508,1,401(k)
3889720317,1,401(k)
3889716631,1,Tuition assistance
3889716842,1,401(k)
3889719473,1,401(k)
3889715796,1,401(k)
3886882097,0,Medical insurance
3886882097,0,Vision insurance
3886882097,0,Dental insurance
3886882097,0,401(k)
3886893605,0,Medical insurance
3886893605,0,Vision insurance
3886893605,0,Dental insurance
3886893605,0,401(k)
3889712483,0,Medical insurance
3889717517,1,401(k)
3889717517,1,Disability insurance
3886879282,0,Medical insurance
3886879282,0,Vision insurance
3886879282,0,Dental insurance
3886879282,0,401(k)
3886897215,1,Vision insurance
3889718529,1,401(k)
3888805452,1,401(k)
3886880295,0,Medical insurance
3886880295,0,Vision insurance
3886880295,0,Dental insurance
3886880295,0,401(k)
3889719502,1,401(k)
3889719502,1,Disability insurance
3889710675,0,Medical insurance
3889717397,1,Tuition assistance
3889747149,0,Medical insurance
3889747149,0,Vision insurance
3889747149,0,Dental insurance
3889747149,0,401(k)
3889747149,0,Commuter benefits
3889747149,0,Paid maternity leave
3889747149,0,Paid paternity leave
3889747149,0,Tuition assistance
3886887339,0,Medical insurance
3886887339,0,Vision insurance
3886887339,0,Dental insurance
3886887339,0,401(k)
3889746247,0,Medical insurance
3889746247,0,Vision insurance
3889746247,0,Dental insurance
3889746247,0,401(k)
3889746247,0,Commuter benefits
3889746247,0,Paid maternity leave
3889746247,0,Paid paternity leave
3889746247,0,Tuition assistance
3889717419,1,Tuition assistance
3888826116,1,Dental insurance
3888826116,1,401(k)
3889739297,0,Medical insurance
3889739297,0,Vision insurance
3889739297,0,Dental insurance
3889739297,0,401(k)
3886887167,0,Medical insurance
3886887167,0,Vision insurance
3886887167,0,Dental insurance
3886887167,0,401(k)
3886887167,0,Pension plan
3886887167,0,Paid paternity leave
3886887167,0,Tuition assistance
3886887167,0,Child care support
3886887167,0,Commuter benefits
3886887167,0,Disability insurance
3886887167,0,Paid maternity leave
3889721121,1,401(k)
3894204675,1,401(k)
3894872724,1,401(k)
3890895166,0,Medical insurance
3890895166,0,Vision insurance
3890895166,0,Dental insurance
3890895166,0,401(k)
3894207323,1,401(k)
3894206740,1,401(k)
3894204683,1,401(k)
3894835985,1,Disability insurance
3894835985,1,401(k)
3894889598,1,Vision insurance
3894889598,1,401(k)
3890898284,0,Medical insurance
3890898284,0,Vision insurance
3890898284,0,Dental insurance
3890898284,0,401(k)
3894903997,0,Medical insurance
3894903997,0,Vision insurance
3894903997,0,Dental insurance
3894903997,0,Disability insurance
3894911063,0,Medical insurance
3894911063,0,Vision insurance
3894911063,0,Dental insurance
3894911063,0,Disability insurance
3891020307,1,Medical insurance
3894274846,0,Medical insurance
3894274846,0,Vision insurance
3894274846,0,Dental insurance
3894274846,0,401(k)
3894274846,0,Paid maternity leave
3894274846,0,Paid paternity leave
3894990192,0,401(k)
3894990192,0,Paid maternity leave
3894990192,0,Paid paternity leave
3894990192,0,Dental insurance
3894990192,0,Vision insurance
3894990192,0,Medical insurance
3894996606,0,401(k)
3894996606,0,Paid maternity leave
3894996606,0,Paid paternity leave
3894996606,0,Medical insurance
3894996606,0,Vision insurance
3894996606,0,Dental insurance
3894999338,0,401(k)
3894999338,0,Paid maternity leave
3894999338,0,Paid paternity leave
3894999338,0,Medical insurance
3894999338,0,Vision insurance
3894999338,0,Dental insurance
3895202039,0,401(k)
3895202039,0,Paid maternity leave
3895202039,0,Paid paternity leave
3895202039,0,Medical insurance
3895202039,0,Vision insurance
3895202039,0,Dental insurance
3894291113,1,401(k)
3895212041,0,Medical insurance
3895212041,0,Vision insurance
3895212041,0,Dental insurance
3895212041,0,401(k)
3895212041,0,Paid paternity leave
3895212041,0,Commuter benefits
3895212041,0,Disability insurance
3891075573,1,401(k)
3891075573,1,Disability insurance
3895212511,0,Medical insurance
3895212511,0,Vision insurance
3895212511,0,Dental insurance
3895212511,0,401(k)
3895212511,0,Paid paternity leave
3895212511,0,Commuter benefits
3895212511,0,Disability insurance
3891077547,1,401(k)
3891074944,0,401(k)
3891074944,0,Dental insurance
3891074944,0,Vision insurance
3891074944,0,Medical insurance
3891074944,0,Paid maternity leave
3891074944,0,Disability insurance
3891074944,0,Paid paternity leave
3891079444,1,401(k)
3891079444,1,Pension plan
3894409711,1,Commuter benefits
3894409711,1,401(k)
3894409711,1,Tuition assistance
3895271722,1,Disability insurance
3895271722,1,Medical insurance
3895271722,1,Tuition assistance
3895280497,1,401(k)
3895276029,1,Disability insurance
3895276029,1,Medical insurance
3895276029,1,Tuition assistance
3895522879,0,Medical insurance
3895522879,0,Vision insurance
3895522879,0,Dental insurance
3895522879,0,Disability insurance
3895521709,1,401(k)
3895521709,1,Disability insurance
3894557154,1,401(k)
3895524575,1,Medical insurance
3895524575,1,Disability insurance
3895525496,1,401(k)
3895525496,1,Dental insurance
3895525496,1,Medical insurance
3891259584,1,401(k)
3895525763,1,Vision insurance
3895525763,1,Disability insurance
3895525763,1,401(k)
3895528347,1,401(k)
3891266116,1,401(k)
3891261969,1,401(k)
3891262948,1,401(k)
3891267093,1,401(k)
3894555602,1,Commuter benefits
3894555602,1,401(k)
3894557591,1,Commuter benefits
3894557591,1,401(k)
3891268097,1,401(k)
3891268091,1,Disability insurance
3894559661,1,401(k)
3895549309,1,401(k)
3895549309,1,Commuter benefits
3895551077,1,401(k)
3895551077,1,Commuter benefits
3895552061,1,401(k)
3895552061,1,Commuter benefits
3895549312,1,401(k)
3895549312,1,Commuter benefits
3895550367,1,401(k)
3895550367,1,Commuter benefits
3895545808,1,401(k)
3895545808,1,Commuter benefits
3895552948,1,401(k)
3895552948,1,Medical insurance
3895552948,1,Disability insurance
3895548449,1,401(k)
3895548449,1,Commuter benefits
3895548453,1,401(k)
3895548453,1,Commuter benefits
3895557291,1,401(k)
3895557291,1,Medical insurance
3895557291,1,Disability insurance
3895551067,1,401(k)
3895551067,1,Commuter benefits
3895555952,1,401(k)
3895555952,1,Medical insurance
3895555952,1,Disability insurance
3895550405,1,401(k)
3895550405,1,Commuter benefits
3895556807,1,401(k)
3895551959,1,401(k)
3895551959,1,Medical insurance
3895551959,1,Disability insurance
3895553703,1,401(k)
3895553703,1,Medical insurance
3895553703,1,Disability insurance
3895546790,1,401(k)
3895546790,1,Commuter benefits
3895554734,1,401(k)
3895554734,1,Medical insurance
3895554734,1,Disability insurance
3895552063,1,401(k)
3895552063,1,Commuter benefits
3891281834,1,401(k)
3891281831,1,Vision insurance
3891281831,1,401(k)
3895558156,1,401(k)
3895558156,1,Medical insurance
3895558156,1,Disability insurance
3895572150,1,401(k)
3891285465,1,401(k)
3895562209,1,401(k)
3895551958,1,401(k)
3895550163,1,401(k)
3891277311,1,401(k)
3891277311,1,Commuter benefits
3895558590,1,401(k)
3894574866,1,401(k)
3894574866,1,Medical insurance
3894574866,1,Vision insurance
3894574866,1,Dental insurance
3894574866,1,Disability insurance
3894574866,1,Paid paternity leave
3894571988,1,Disability insurance
3894571988,1,401(k)
3894574916,1,401(k)
3894578660,1,Medical insurance
3894578660,1,Vision insurance
3894578660,1,Dental insurance
3894578660,1,401(k)
3894578660,1,Paid maternity leave
3894578660,1,Disability insurance
3894572899,1,401(k)
3894572899,1,Medical insurance
3894578564,1,Disability insurance
3894578564,1,401(k)
3895554737,1,401(k)
3894598014,1,401(k)
3894575796,1,401(k)
3894580000,1,Disability insurance
3894580000,1,401(k)
3894608122,1,401(k)
3894608122,1,Disability insurance
3894607424,1,401(k)
3895566539,1,401(k)
3894579061,1,401(k)
3894572885,1,401(k)
3894578561,1,Disability insurance
3894578561,1,401(k)
3894605901,1,401(k)
3894575954,1,401(k)
3894575954,1,Dental insurance
3894575954,1,Medical insurance
3894575954,1,Vision insurance
3894567049,1,401(k)
3894571837,1,401(k)
3894606778,1,401(k)
3894606778,1,Disability insurance
3895800274,1,401(k)
3895800274,1,Vision insurance
3895555683,1,401(k)
3895555683,1,Medical insurance
3895555683,1,Disability insurance
3894575783,1,Vision insurance
3894571802,1,401(k)
3895810237,1,Vision insurance
3895810237,1,Disability insurance
3895812052,1,401(k)
3895812052,1,Paid paternity leave
3895812052,1,Tuition assistance
3894618542,1,401(k)
3894618542,1,Tuition assistance
3894610252,1,401(k)
3894610252,1,Disability insurance
3895570508,1,401(k)
3891271628,1,401(k)
3894628583,1,401(k)
3894605927,1,401(k)
3894605927,1,Disability insurance
3894574849,1,401(k)
3895804752,1,401(k)
3895804752,1,Paid paternity leave
3894609008,1,401(k)
3894609008,1,Disability insurance
3894617533,1,401(k)
3894617533,1,Tuition assistance
3894580004,1,Disability insurance
3894580004,1,401(k)
3895803018,1,401(k)
3895803018,1,Vision insurance
3894628581,1,401(k)
3895812849,1,401(k)
3895812849,1,Disability insurance
3894576784,1,401(k)
3895598409,1,401(k)
3895598409,1,Vision insurance
3895558150,1,401(k)
3894575801,1,401(k)
3895819056,1,401(k)
3895819056,1,Disability insurance
3895567309,1,401(k)
3895567309,1,Medical insurance
3895567309,1,Vision insurance
3895567309,1,Dental insurance
3898157578,0,401(k)
3898157578,0,Dental insurance
3898157578,0,Vision insurance
3898157578,0,Medical insurance
3898157578,0,Paid maternity leave
3898157578,0,Paid paternity leave
3898157578,0,Commuter benefits
3898160275,0,Medical insurance
3898160275,0,Vision insurance
3898160275,0,Dental insurance
3898160275,0,401(k)
3901625861,1,401(k)
3898161717,1,401(k)
3901633418,1,401(k)
3898161486,0,Medical insurance
3898161486,0,Vision insurance
3898161486,0,Dental insurance
3898161486,0,401(k)
3898166097,1,Medical insurance
3900069315,0,Medical insurance
3900069315,0,Vision insurance
3900069315,0,Dental insurance
3900069315,0,401(k)
3900069315,0,Paid maternity leave
3900069315,0,Paid paternity leave
3901628594,0,Medical insurance
3901628594,0,Vision insurance
3901628594,0,Dental insurance
3901628594,0,401(k)
3901628594,0,Paid maternity leave
3901628594,0,Paid paternity leave
3901628594,0,Tuition assistance
3898160848,0,Medical insurance
3898160848,0,Vision insurance
3898160848,0,Dental insurance
3898160848,0,401(k)
3901630039,1,401(k)
3898163514,0,Medical insurance
3898163514,0,Vision insurance
3898163514,0,Dental insurance
3898163514,0,401(k)
3901630766,1,Medical insurance
3898166231,1,Medical insurance
3898163382,1,Medical insurance
3900070824,1,401(k)
3898164329,1,Medical insurance
3900065473,0,Medical insurance
3900065473,0,Vision insurance
3900065473,0,Dental insurance
3900065473,0,401(k)
3900065473,0,Paid maternity leave
3900065473,0,Paid paternity leave
3901673521,0,Medical insurance
3901673521,0,Vision insurance
3901673521,0,Dental insurance
3901673521,0,Disability insurance
3898166411,1,Medical insurance
3898167154,1,Medical insurance
3901669308,1,Medical insurance
3898163568,1,Medical insurance
3901675170,1,401(k)
3901653717,1,Disability insurance
3901653717,1,Tuition assistance
3898164161,0,Medical insurance
3898164161,0,Vision insurance
3898164161,0,Dental insurance
3898164161,0,401(k)
3898172295,1,Vision insurance
3901655765,0,Medical insurance
3901655765,0,Vision insurance
3901655765,0,Dental insurance
3901655765,0,401(k)
3901655765,0,Paid maternity leave
3901655765,0,Paid paternity leave
3901655765,0,Commuter benefits
3900077966,1,401(k)
3898166910,1,401(k)
3898172169,1,401(k)
3901673430,0,Medical insurance
3901673430,0,Vision insurance
3901673430,0,Dental insurance
3901673430,0,401(k)
3901673430,0,Paid paternity leave
3901673430,0,Commuter benefits
3901673430,0,Disability insurance
3900094470,1,Dental insurance
3900094470,1,401(k)
3900096360,1,401(k)
3900096408,1,401(k)
3900095407,1,401(k)
3900097193,1,401(k)
3898163598,1,401(k)
3900097202,1,401(k)
3900092725,1,401(k)
3901697588,1,401(k)
3901697588,1,Disability insurance
3898173128,1,Disability insurance
3901671202,1,Medical insurance
3900093653,1,401(k)
3900091951,1,401(k)
3900093645,1,401(k)
3900094481,1,401(k)
3900094479,1,401(k)
3900096449,1,401(k)
3900096449,1,Tuition assistance
3900081129,1,401(k)
3901693850,1,401(k)
3901693850,1,Disability insurance
3901695756,1,401(k)
3900091967,1,401(k)
3900091967,1,Vision insurance
3900091967,1,Disability insurance
3900097194,1,Medical insurance
3900097194,1,Vision insurance
3900097194,1,Dental insurance
3900097194,1,Disability insurance
3900092728,1,Dental insurance
3900092728,1,401(k)
3898175329,1,Vision insurance
3900098013,1,401(k)
3898162301,1,401(k)
3900092738,1,401(k)
3898172168,1,401(k)
3901629440,0,Medical insurance
3901629440,0,Vision insurance
3901629440,0,Dental insurance
3901629440,0,401(k)
3898173794,0,Medical insurance
3898173794,0,Vision insurance
3898173794,0,Dental insurance
3898173794,0,401(k)
3898168030,1,Medical insurance
3900097209,1,401(k)
3898162954,1,Medical insurance
3900096356,1,401(k)
3898167926,1,401(k)
3898170773,1,Vision insurance
3900091953,1,401(k)
3900095396,1,401(k)
3900091990,1,401(k)
3900093754,1,401(k)
3900093754,1,Disability insurance
3900092735,1,401(k)
3898172667,1,401(k)
3901619685,0,Medical insurance
3901619685,0,Vision insurance
3901619685,0,Dental insurance
3900092742,1,401(k)
3901695755,1,401(k)
3901687759,0,Medical insurance
3901687759,0,Vision insurance
3901687759,0,Dental insurance
3901687759,0,401(k)
3901687759,0,Disability insurance
3901687759,0,Pension plan
3900091958,1,401(k)
3898171362,1,401(k)
3900097298,1,401(k)
3900097298,1,Tuition assistance
3900095409,1,401(k)
3900093656,1,401(k)
3900091942,1,401(k)
3901670917,0,Medical insurance
3901670917,0,Vision insurance
3901670917,0,Dental insurance
3901670917,0,Disability insurance
3901693826,1,401(k)
3898167280,1,Medical insurance
3898172167,1,401(k)
3898167162,1,Medical insurance
3898168766,1,401(k)
3900096365,1,401(k)
3900096358,1,401(k)
3900095397,1,401(k)
3901694843,1,401(k)
3900091957,1,401(k)
3900087922,1,Commuter benefits
3900087922,1,401(k)
3900097217,1,401(k)
3898163683,1,Medical insurance
3900094488,1,401(k)
3900098008,1,401(k)
3900097205,1,401(k)
3898171357,1,401(k)
3900095412,1,401(k)
3900094454,1,401(k)
3900094453,1,401(k)
3900097210,1,401(k)
3900093638,1,401(k)
3900095398,1,401(k)
3900096359,1,401(k)
3901684544,1,Disability insurance
3901684544,1,Tuition assistance
3898166932,1,401(k)
3901653352,1,Disability insurance
3901653352,1,Tuition assistance
3901158609,1,401(k)
3901161330,1,401(k)
3902915530,0,Medical insurance
3902915530,0,Vision insurance
3902915530,0,Dental insurance
3902915530,0,401(k)
3902915530,0,Disability insurance
3901170361,1,401(k)
3902913485,1,401(k)
3899523492,1,401(k)
3899523492,1,Disability insurance
3901167354,1,Vision insurance
3901167354,1,401(k)
3901165618,1,Vision insurance
3901165618,1,401(k)
3902939002,1,Medical insurance
3902932873,1,Medical insurance
3902935407,1,Medical insurance
3899531624,0,401(k)
3899531624,0,Paid maternity leave
3899531624,0,Paid paternity leave
3899531624,0,Medical insurance
3899531624,0,Vision insurance
3899531624,0,Dental insurance
3902918888,0,Medical insurance
3902918888,0,Vision insurance
3902918888,0,Dental insurance
3902918888,0,401(k)
3902934177,1,401(k)
3902938033,1,Medical insurance
3901179083,0,Medical insurance
3901179083,0,Vision insurance
3901179083,0,Dental insurance
3901179083,0,401(k)
3901179083,0,Paid paternity leave
3901179083,0,Paid maternity leave
3901172332,1,Commuter benefits
3901172332,1,401(k)
3902947328,1,Medical insurance
3902934490,1,Medical insurance
3902948186,1,Medical insurance
3902942779,1,Medical insurance
3902944540,1,Medical insurance
3899524514,1,Disability insurance
3902946378,1,Medical insurance
3902921808,1,Medical insurance
3899519776,0,Medical insurance
3899519776,0,Vision insurance
3899519776,0,Dental insurance
3899519776,0,401(k)
3901178175,1,401(k)
3902952624,0,Medical insurance
3902952624,0,Vision insurance
3902952624,0,Dental insurance
3902952624,0,401(k)
3902937182,1,Medical insurance
3902937193,1,Medical insurance
3901167738,1,Commuter benefits
3901167738,1,401(k)
3899540379,1,Medical insurance
3902928900,1,401(k)
3899540098,0,Medical insurance
3899540098,0,Vision insurance
3899540098,0,Dental insurance
3899540098,0,401(k)
3901179089,1,401(k)
3902933705,1,Medical insurance
3902929848,1,401(k)
3899536161,1,401(k)
3899536161,1,Tuition assistance
3901175503,1,401(k)
3901175503,1,Dental insurance
3901175503,1,Medical insurance
3901175503,1,Vision insurance
3902947329,1,Medical insurance
3899543202,0,Medical insurance
3899543202,0,Vision insurance
3899543202,0,Dental insurance
3899543202,0,401(k)
3902938029,1,Medical insurance
3902945527,1,Medical insurance
3899537017,1,401(k)
3899537017,1,Tuition assistance
3902936206,1,Medical insurance
3902937190,1,Medical insurance
3899536406,0,401(k)
3899536406,0,Paid maternity leave
3899536406,0,Paid paternity leave
3899536406,0,Medical insurance
3899536406,0,Vision insurance
3899536406,0,Dental insurance
3901180017,1,401(k)
3901180017,1,Dental insurance
3901180017,1,Medical insurance
3901180017,1,Vision insurance
3902943718,1,Medical insurance
3902934492,1,Medical insurance
3899530779,1,401(k)
3899530779,1,Tuition assistance
3901173693,1,401(k)
3901169567,1,Medical insurance
3901169567,1,Vision insurance
3901169567,1,Disability insurance
3902938030,1,Medical insurance
3902948187,1,Medical insurance
3902942778,1,Medical insurance
3902945528,1,Medical insurance
3899538408,0,401(k)
3899538408,0,Paid maternity leave
3899538408,0,Paid paternity leave
3899538408,0,Medical insurance
3899538408,0,Vision insurance
3899538408,0,Dental insurance
3903183872,0,Medical insurance
3903183872,0,Vision insurance
3903183872,0,Dental insurance
3903183872,0,401(k)
3903183872,0,Tuition assistance
3903183872,0,Disability insurance
3902736337,1,401(k)
3902730647,1,401(k)
3902737100,1,401(k)
3900954305,0,Medical insurance
3900954305,0,Vision insurance
3900954305,0,Dental insurance
3900954305,0,401(k)
3900961007,1,401(k)
3902745675,1,Disability insurance
3902745675,1,401(k)
3902745675,1,Tuition assistance
3902745675,1,Pension plan
3904394438,1,401(k)
3904365393,1,401(k)
3904365393,1,Medical insurance
3904365393,1,Disability insurance
3904388069,1,401(k)
3904388069,1,Disability insurance
3902743962,1,Disability insurance
3902743962,1,401(k)
3902743962,1,Tuition assistance
3902743962,1,Pension plan
3904408242,0,Medical insurance
3904408242,0,Vision insurance
3904408242,0,Dental insurance
3904408242,0,401(k)
3904406310,0,Medical insurance
3904406310,0,Vision insurance
3904406310,0,Dental insurance
3904406310,0,401(k)
3900954386,0,Medical insurance
3900954386,0,Vision insurance
3900954386,0,Dental insurance
3900954386,0,401(k)
3904403978,1,401(k)
3904403978,1,Disability insurance
3904403978,1,Dental insurance
3904411023,1,401(k)
3904411023,1,Disability insurance
3904411023,1,Dental insurance
3904384464,1,Disability insurance
3904384464,1,401(k)
3904402995,1,Vision insurance
3900955819,1,401(k)
3904410235,1,401(k)
3904410235,1,Disability insurance
3904394426,1,401(k)
3904394426,1,Disability insurance
3904413263,1,401(k)
3904388353,0,Medical insurance
3904388353,0,Vision insurance
3904388353,0,Dental insurance
3904388353,0,401(k)
3904388353,0,Paid maternity leave
3904388353,0,Paid paternity leave
3904388353,0,Tuition assistance
3904412487,0,Vision insurance
3904412487,0,Dental insurance
3904412487,0,Medical insurance
3904380841,1,Disability insurance
3904380841,1,401(k)
3900979711,1,401(k)
3900979711,1,Disability insurance
3900960454,1,Vision insurance
3900960454,1,Commuter benefits
3900960454,1,401(k)
3900982684,1,401(k)
3904385482,1,Disability insurance
3904385482,1,401(k)
3900983313,1,401(k)
3900975725,1,401(k)
3902746295,0,Medical insurance
3902746295,0,Vision insurance
3902746295,0,Dental insurance
3902746295,0,401(k)
3902746295,0,Paid maternity leave
3902746295,0,Paid paternity leave
3900956838,1,Vision insurance
3900956838,1,401(k)
3904371251,1,401(k)
3904431916,0,Medical insurance
3904431916,0,Vision insurance
3904431916,0,Dental insurance
3904389458,1,401(k)
3900984249,1,401(k)
3900962346,1,Vision insurance
3900962346,1,Commuter benefits
3900962346,1,401(k)
3900978791,1,401(k)
3904360809,0,Medical insurance
3904360809,0,Vision insurance
3904360809,0,401(k)
3904360809,0,Dental insurance
3904421266,1,Commuter benefits
3904421266,1,Disability insurance
3904421266,1,Medical insurance
3900985113,1,401(k)
3904387341,1,401(k)
3904387341,1,Disability insurance
3904420350,1,Disability insurance
3904420350,1,Commuter benefits
3904420350,1,Medical insurance
3904392123,1,401(k)
3904381948,1,401(k)
3904381948,1,Vision insurance
3900982802,1,401(k)
3904366201,1,401(k)
3904366201,1,Vision insurance
3904366201,1,Dental insurance
3900986084,1,401(k)
3900987023,1,401(k)
3900984254,1,401(k)
3902782972,1,Medical insurance
3904426813,1,401(k)
3904435248,0,Medical insurance
3904435248,0,Vision insurance
3904435248,0,Dental insurance
3904403843,0,Medical insurance
3904403843,0,Vision insurance
3904403843,0,Dental insurance
3904403843,0,401(k)
3900975717,1,Vision insurance
3904414184,1,401(k)
3904424848,1,Vision insurance
3904361538,1,Tuition assistance
3900954959,1,401(k)
3904409644,1,401(k)
3900959351,1,401(k)
3904429538,1,401(k)
3900987024,1,401(k)
3904385611,1,401(k)
3904385611,1,Vision insurance
3904410599,1,401(k)
3904409674,1,401(k)
3900984251,1,401(k)
3900954958,1,401(k)
3900982807,1,401(k)
3904409645,1,401(k)
3904389607,1,401(k)
3904389607,1,Disability insurance
3900956761,1,401(k)
3904367034,1,Tuition assistance
3900956047,0,Medical insurance
3900956047,0,Vision insurance
3900956047,0,Dental insurance
3900956047,0,401(k)
3904408732,1,401(k)
3904395287,1,401(k)
3904395287,1,Disability insurance
3904365346,1,401(k)
3904365346,1,Medical insurance
3904365346,1,Disability insurance
3901343596,0,Medical insurance
3901343596,0,Vision insurance
3901343596,0,Dental insurance
3901343596,0,401(k)
3903428639,1,401(k)
3901352071,1,401(k)
3904930855,1,401(k)
3904933394,1,401(k)
3904931953,1,401(k)
3904929965,1,401(k)
3904927793,0,Medical insurance
3904927793,0,Vision insurance
3904927793,0,Dental insurance
3904927793,0,401(k)
3901352181,1,401(k)
3901348717,1,Vision insurance
3904934657,1,401(k)
3904937220,0,Pension plan
3904937220,0,Medical insurance
3904937220,0,Vision insurance
3904937220,0,Paid maternity leave
3904937220,0,Dental insurance
3904937220,0,401(k)
3901354078,1,Disability insurance
3901353662,1,401(k)
3901355740,1,401(k)
3901355740,1,Tuition assistance
3903447300,0,Medical insurance
3903447300,0,Vision insurance
3903447300,0,Dental insurance
3903447300,0,401(k)
3901356173,1,401(k)
3904952260,1,401(k)
3901358145,1,401(k)
3904955745,1,401(k)
3904955745,1,Disability insurance
3904960051,1,401(k)
3904960051,1,Disability insurance
3904954892,1,401(k)
3904954892,1,Disability insurance
3901358049,1,401(k)
3901358049,1,Tuition assistance
3904963989,1,401(k)
3904953961,1,401(k)
3904953961,1,Disability insurance
3901356316,1,401(k)
3901356316,1,Tuition assistance
3904919906,1,401(k)
3904919906,1,Disability insurance
3901360651,1,Medical insurance
3904919918,1,401(k)
3904919918,1,Disability insurance
3903456254,1,Medical insurance
3903456254,1,Dental insurance
3903456254,1,Vision insurance
3903456254,1,401(k)
3904960054,1,401(k)
3904960054,1,Disability insurance
3904946928,1,401(k)
3901363309,1,401(k)
3901363309,1,Vision insurance
3901363309,1,Disability insurance
3904961035,1,401(k)
3904961035,1,Disability insurance
3904934510,0,Pension plan
3904934510,0,Medical insurance
3904934510,0,Vision insurance
3904934510,0,Paid maternity leave
3904934510,0,Dental insurance
3904934510,0,401(k)
3903442989,1,401(k)
3904953969,1,401(k)
3904953969,1,Disability insurance
3904956677,1,401(k)
3904956677,1,Disability insurance
3904955740,1,401(k)
3904955740,1,Disability insurance
3901371899,1,Vision insurance
3901371899,1,Commuter benefits
3901371899,1,401(k)
3901356087,0,Medical insurance
3901356087,0,Vision insurance
3901356087,0,Dental insurance
3901356087,0,401(k)
3903459735,1,401(k)
3903458083,1,401(k)
3901367809,1,401(k)
3901367809,1,Medical insurance
3901367809,1,Dental insurance
3901367809,1,Vision insurance
3904936480,0,Medical insurance
3904936480,0,Vision insurance
3904936480,0,Dental insurance
3904936480,0,401(k)
3903442661,1,401(k)
3903442661,1,Tuition assistance
3904951192,1,401(k)
3903459738,1,401(k)
3904965546,1,401(k)
3904924238,1,401(k)
3904924238,1,Disability insurance
3904961043,1,401(k)
3904961043,1,Disability insurance
3904958608,1,401(k)
3904958608,1,Disability insurance
3904961029,1,401(k)
3904961029,1,Disability insurance
3901359052,1,401(k)
3901359052,1,Tuition assistance
3904967232,1,401(k)
3903477052,1,401(k)
3903477052,1,Vision insurance
3903477052,1,Disability insurance
3901352221,0,Medical insurance
3901352221,0,Vision insurance
3901352221,0,Dental insurance
3901352221,0,401(k)
3904957372,1,401(k)
3904957372,1,Disability insurance
3905203024,1,401(k)
3905207044,1,401(k)
3903473564,1,401(k)
3903473564,1,Tuition assistance
3904950385,1,401(k)
3903470970,1,401(k)
3903470970,1,Vision insurance
3903470970,1,Disability insurance
3901370655,1,401(k)
3901370655,1,Medical insurance
3901370655,1,Dental insurance
3901370655,1,Vision insurance
3904956683,1,401(k)
3904956683,1,Disability insurance
3905204925,0,Pension plan
3905204925,0,Medical insurance
3905204925,0,Vision insurance
3905204925,0,Paid maternity leave
3905204925,0,Dental insurance
3905204925,0,401(k)
3903453927,1,401(k)
3903446462,1,401(k)
3903470964,1,401(k)
3903470964,1,Vision insurance
3903470964,1,Disability insurance
3905205687,1,401(k)
3903472584,1,401(k)
3903472584,1,Tuition assistance
3904926239,1,401(k)
3904926239,1,Disability insurance
3903470881,1,401(k)
3903470881,1,Tuition assistance
3903470969,1,401(k)
3903470969,1,Vision insurance
3903470969,1,Disability insurance
3904957367,1,401(k)
3904957367,1,Disability insurance
3903476137,1,401(k)
3903476137,1,Vision insurance
3903476137,1,Disability insurance
3901375166,1,Vision insurance
3901375166,1,Commuter benefits
3901375166,1,401(k)
3903458266,0,Medical insurance
3903458266,0,Vision insurance
3903458266,0,Dental insurance
3903458266,0,401(k)
3903475435,1,401(k)
3903475435,1,Vision insurance
3903475435,1,Disability insurance
3903474504,1,401(k)
3903474504,1,Vision insurance
3903474504,1,Disability insurance
3901393118,0,Medical insurance
3901393118,0,Vision insurance
3901393118,0,Dental insurance
3901393118,0,401(k)
3901360598,1,401(k)
3901360598,1,Vision insurance
3901360598,1,Disability insurance
3903439939,1,401(k)
3903439939,1,Tuition assistance
3904987640,1,401(k)
3903446074,1,401(k)
3904960055,1,401(k)
3904960055,1,Disability insurance
3903477057,1,401(k)
3903477057,1,Vision insurance
3903477057,1,Disability insurance
3903475348,1,401(k)
3903475348,1,Tuition assistance
3905216044,0,Pension plan
3905216044,0,Medical insurance
3905216044,0,Vision insurance
3905216044,0,Paid maternity leave
3905216044,0,Dental insurance
3905216044,0,401(k)
3903471590,1,401(k)
3903471590,1,Tuition assistance
3905203743,1,401(k)
3905203743,1,Vision insurance
3903471587,1,401(k)
3903471587,1,Tuition assistance
3903474859,1,401(k)
3903476607,1,401(k)
3903476607,1,Disability insurance
3903474864,1,401(k)
3903474445,1,401(k)
3903474445,1,Tuition assistance
3903472667,1,401(k)
3903472667,1,Vision insurance
3903472667,1,Disability insurance
3903474866,1,401(k)
3905211065,1,401(k)
3903478272,1,401(k)
3905212607,1,Medical insurance
3905212607,1,401(k)
3905205217,1,401(k)
3903476062,1,401(k)
3903476062,1,Tuition assistance
3901354974,1,401(k)
3901354974,1,Tuition assistance
3901376265,1,401(k)
3904955741,1,401(k)
3904955741,1,Disability insurance
3903474497,1,401(k)
3903474497,1,Vision insurance
3903474497,1,Disability insurance
3903472995,1,401(k)
3903470890,1,401(k)
3903470890,1,Tuition assistance
3905202640,1,Medical insurance
3905202640,1,Vision insurance
3905202640,1,Dental insurance
3905203023,1,401(k)
3903474507,1,401(k)
3903474507,1,Vision insurance
3903474507,1,Disability insurance
3903477414,1,401(k)
3901391339,0,Medical insurance
3901391339,0,Vision insurance
3901391339,0,Dental insurance
3901391339,0,401(k)
3905202571,1,401(k)
3905202571,1,Disability insurance
3905205675,1,401(k)
3901371892,1,Vision insurance
3901371892,1,Commuter benefits
3901371892,1,401(k)
3903477400,1,401(k)
3904957390,1,Medical insurance
3904957390,1,401(k)
3904957390,1,Disability insurance
3903460504,1,401(k)
3901376643,0,Medical insurance
3901376643,0,401(k)
3904953966,1,401(k)
3904953966,1,Disability insurance
3901388925,1,401(k)
3901388925,1,Commuter benefits
3904992013,1,Disability insurance
3904992013,1,401(k)
3901389364,1,401(k)
3901389364,1,Disability insurance
3903444392,1,401(k)
3903444392,1,Tuition assistance
3903478291,1,401(k)
3904999147,1,401(k)
3904999147,1,Commuter benefits
3901395456,0,Medical insurance
3901395456,0,Vision insurance
3901395456,0,Dental insurance
3901395456,0,401(k)
3901395456,0,Disability insurance
3903472678,1,401(k)
3903472678,1,Vision insurance
3903472678,1,Disability insurance
3904936435,0,Pension plan
3904936435,0,Medical insurance
3904936435,0,Vision insurance
3904936435,0,Paid maternity leave
3904936435,0,Dental insurance
3904936435,0,401(k)
3904992033,1,Disability insurance
3904992033,1,401(k)
3905218822,0,Medical insurance
3905218822,0,401(k)
3905218822,0,Commuter benefits
3905218822,0,Dental insurance
3905218822,0,Vision insurance
3903458081,1,401(k)
3903473029,1,401(k)
3903475759,1,401(k)
3905201810,1,401(k)
3905201810,1,Disability insurance
3905202546,1,401(k)
3905202546,1,Disability insurance
3901393675,1,401(k)
3901393675,1,Commuter benefits
3904961038,1,401(k)
3904961038,1,Disability insurance
3903456590,0,Medical insurance
3903456590,0,Vision insurance
3903456590,0,Dental insurance
3903456590,0,401(k)
3903474304,1,Medical insurance
3905206115,1,401(k)
3905206115,1,Disability insurance
3903480131,1,401(k)
3903480131,1,Disability insurance
3901392818,1,401(k)
3901392818,1,Vision insurance
3901392818,1,Dental insurance
3901372813,1,Vision insurance
3901397503,0,Medical insurance
3901397503,0,Vision insurance
3901397503,0,Dental insurance
3901397503,0,401(k)
3901390421,1,Medical insurance
3903804051,1,401(k)
3903499927,1,401(k)
3901936463,1,401(k)
3905253013,0,Medical insurance
3905253013,0,Vision insurance
3905253013,0,Dental insurance
3905253013,0,401(k)
3905246992,0,Medical insurance
3905246992,0,Vision insurance
3905246992,0,Dental insurance
3905246992,0,401(k)
3905246992,0,Paid paternity leave
3905246992,0,Commuter benefits
3905246992,0,Disability insurance
3903800800,1,401(k)
3901938232,1,401(k)
3901940302,1,401(k)
3901940333,1,401(k)
3901941310,1,401(k)
3901939391,1,401(k)
3901936662,0,Medical insurance
3901936662,0,Vision insurance
3901936662,0,Dental insurance
3901936662,0,401(k)
3901940429,1,401(k)
3901936602,1,401(k)
3901936602,1,Disability insurance
3901939343,1,401(k)
3901939343,1,Disability insurance
3901937608,1,401(k)
3901937608,1,Disability insurance
3901943249,1,401(k)
3901943249,1,Disability insurance
3901941400,0,Medical insurance
3901941400,0,Vision insurance
3901941400,0,Dental insurance
3901941400,0,401(k)
3901938512,1,401(k)
3901937727,0,Medical insurance
3901937727,0,Vision insurance
3901937727,0,Dental insurance
3905260698,1,Medical insurance
3901940664,1,Vision insurance
3901941734,1,Vision insurance
3901942634,0,Medical insurance
3901942634,0,Vision insurance
3901942634,0,Dental insurance
3901942634,0,401(k)
3905289281,0,Medical insurance
3905289281,0,Vision insurance
3905289281,0,Dental insurance
3905289281,0,401(k)
3905280343,1,401(k)
3905280343,1,Disability insurance
3905282238,1,401(k)
3905282238,1,Disability insurance
3905274853,1,401(k)
3905274853,1,Disability insurance
3905282169,1,401(k)
3905282169,1,Disability insurance
3905281248,1,401(k)
3905281248,1,Disability insurance
3905280396,1,401(k)
3905280396,1,Disability insurance
3905288165,1,Medical insurance
3905286310,1,401(k)
3905288191,1,401(k)
3905286311,1,401(k)
3901939961,1,Disability insurance
3901946039,1,401(k)
3901944217,1,401(k)
3901947001,1,401(k)
3901946026,1,401(k)
3901947006,1,401(k)
3901939965,1,Disability insurance
3901946027,1,401(k)
3901945201,1,401(k)
3901945220,1,401(k)
3901948102,1,401(k)
3903820097,1,401(k)
3903820097,1,Vision insurance
3903817522,1,401(k)
3903817522,1,Vision insurance
3905294771,1,401(k)
3905292602,1,Medical insurance
3905297140,1,Medical insurance
3905292604,1,Medical insurance
3901944572,1,401(k)
3901944416,1,Vision insurance
3901944416,1,Commuter benefits
3901944416,1,401(k)
3901949262,1,401(k)
3903816928,1,401(k)
3903825081,1,Dental insurance
3903825081,1,401(k)
3903823433,1,401(k)
3901951034,1,Vision insurance
3901951034,1,Commuter benefits
3901951034,1,401(k)
3901947198,1,Vision insurance
3901947198,1,Commuter benefits
3901947198,1,401(k)
3903820635,1,401(k)
3903820635,1,Medical insurance
3903821509,1,401(k)
3903819676,1,401(k)
3903819682,1,401(k)
3903822472,1,401(k)
3905296642,1,Vision insurance
3905296642,1,401(k)
3905300349,1,Vision insurance
3905300349,1,401(k)
3905301240,1,401(k)
3905300989,0,Medical insurance
3905300989,0,Vision insurance
3905300989,0,Dental insurance
3905300989,0,Disability insurance
3905298642,1,401(k)
3905300953,1,401(k)
3905300953,1,Commuter benefits
3905307057,1,401(k)
3905307057,1,Commuter benefits
3903827261,1,401(k)
3903827261,1,Disability insurance
3905304266,1,401(k)
3905304266,1,Commuter benefits
3905301719,1,401(k)
3905301719,1,Medical insurance
3905301719,1,Disability insurance
3905306213,1,Tuition assistance
3905307138,1,401(k)
3905307138,1,Dental insurance
3905307138,1,Medical insurance
3905307138,1,Vision insurance
3905303534,1,401(k)
3905303534,1,Medical insurance
3905303534,1,Disability insurance
3901952698,1,Medical insurance
3905300550,1,401(k)
3905305851,1,Medical insurance
3905305851,1,Disability insurance
3905304299,1,Tuition assistance
3905307088,1,Tuition assistance
3901960131,1,401(k)
3901956900,1,401(k)
3901961089,1,401(k)
3901958815,1,Vision insurance
3901958815,1,401(k)
3903831943,1,Vision insurance
3903831943,1,401(k)
3903830967,1,401(k)
3903830967,1,Medical insurance
3903837055,1,401(k)
3903837055,1,Medical insurance
3903832787,1,401(k)
3903837056,1,Medical insurance
3903832815,1,Medical insurance
3903832815,1,401(k)
3903835168,1,401(k)
3903836171,1,401(k)
3903831878,1,Tuition assistance
3903835179,1,Dental insurance
3903835179,1,Medical insurance
3903835179,1,Vision insurance
3903836160,1,401(k)
3903836160,1,Medical insurance
3903836164,1,Vision insurance
3903833588,1,401(k)
3903835164,1,401(k)
3903834351,1,Vision insurance
3903834351,1,401(k)
3905327613,1,401(k)
3903843539,1,401(k)
3903843539,1,Tuition assistance
3905331034,1,Disability insurance
3905331034,1,401(k)
3905331033,1,Disability insurance
3905331033,1,401(k)
3905331109,1,Disability insurance
3905331109,1,401(k)
3901975868,0,Medical insurance
3901975868,0,Vision insurance
3901975868,0,Dental insurance
3901981063,1,401(k)
3905346636,0,Medical insurance
3905346636,0,Vision insurance
3905346636,0,Dental insurance
3905346636,0,401(k)
3905350168,0,Medical insurance
3905350168,0,Vision insurance
3905350168,0,Dental insurance
3905350168,0,401(k)
3905345831,0,Vision insurance
3905345831,0,Medical insurance
3905345831,0,Dental insurance
3905345831,0,401(k)
3905345831,0,Commuter benefits
3905345831,0,Disability insurance
3901982353,1,401(k)
3905353168,0,Medical insurance
3905353168,0,Vision insurance
3905353168,0,Dental insurance
3905353168,0,401(k)
3905352173,0,Medical insurance
3905352173,0,Vision insurance
3905352173,0,Dental insurance
3905352173,0,401(k)
3901983306,1,401(k)
3901976747,1,401(k)
3901976747,1,Vision insurance
3901982517,1,Medical insurance
3905356692,0,Medical insurance
3905356692,0,401(k)
3905356692,0,Commuter benefits
3905356692,0,Dental insurance
3905356692,0,Vision insurance
3901983482,1,401(k)
3901982695,1,401(k)
3901977865,1,401(k)
3905363145,1,Medical insurance
3903869806,1,401(k)
3901986055,1,401(k)
3901983832,1,401(k)
3901987105,1,401(k)
3901986186,1,Disability insurance
3901984295,1,401(k)
3901989067,1,Disability insurance
3901988083,1,401(k)
3901988075,1,401(k)
3901986185,1,Disability insurance
3901983819,1,401(k)
3901986175,1,401(k)
3901984306,1,401(k)
3905370512,1,401(k)
3901987528,0,Medical insurance
3901987528,0,Vision insurance
3901987528,0,Dental insurance
3901987528,0,401(k)
3901983837,1,401(k)
3905372198,1,Vision insurance
3901988073,1,401(k)
3901986441,1,401(k)
3905367930,1,Medical insurance
3905367930,1,Pension plan
3901987406,1,401(k)
3905368873,1,Vision insurance
3905368873,1,401(k)
3905369884,1,Vision insurance
3905369884,1,401(k)
3905374181,1,Vision insurance
3905374181,1,401(k)
3901986182,1,401(k)
3903881288,1,401(k)
3903881288,1,Tuition assistance
3905369566,1,Vision insurance
3905370938,1,Vision insurance
3905370938,1,401(k)
3905375212,1,401(k)
3905375265,1,401(k)
3905375265,1,Commuter benefits
3905375458,1,Medical insurance
3905375458,1,Disability insurance
3905378235,1,401(k)
3905380029,1,401(k)
3905380029,1,Medical insurance
3905380029,1,Disability insurance
3905376600,1,401(k)
3905375559,1,401(k)
3901990864,1,401(k)
3901990864,1,Commuter benefits
3905375558,1,401(k)
3901995301,1,401(k)
3901990967,1,Medical insurance
3905371978,1,401(k)
3905371978,1,Commuter benefits
3905378088,1,Tuition assistance
3905374760,1,401(k)
3901994312,1,401(k)
3905373823,1,401(k)
3903887513,1,Disability insurance
3903887513,1,401(k)
3903886526,1,Disability insurance
3903886526,1,401(k)
3903889258,1,401(k)
3903882781,1,Disability insurance
3903882781,1,401(k)
3903885478,1,401(k)
3903885478,1,Dental insurance
3903885478,1,Medical insurance
3903885478,1,Vision insurance
3903883782,1,Disability insurance
3903883782,1,401(k)
3903888331,1,401(k)
3903887510,1,Disability insurance
3903887510,1,401(k)
3905379398,1,401(k)
3903888353,1,401(k)
3903888353,1,Dental insurance
3903888353,1,Medical insurance
3905381064,1,401(k)
3903884647,1,401(k)
3903882782,1,Disability insurance
3903882782,1,401(k)
3903882783,1,Disability insurance
3903882783,1,401(k)
3903884714,1,Disability insurance
3903884714,1,401(k)
3903886520,1,Disability insurance
3903886520,1,401(k)
3903889242,1,Disability insurance
3903889242,1,401(k)
3905373820,1,401(k)
3905373820,1,Medical insurance
3905373820,1,Vision insurance
3905373820,1,Dental insurance
3903889246,1,Disability insurance
3903889246,1,401(k)
3901998210,1,401(k)
3903887445,1,401(k)
3903883786,1,Disability insurance
3903883786,1,401(k)
3903887457,1,401(k)
3905372988,1,401(k)
3905373898,1,401(k)
3903885534,1,Disability insurance
3903885534,1,401(k)
3903887507,1,Disability insurance
3903887507,1,401(k)
3903888393,1,Disability insurance
3903888393,1,401(k)
3903884650,1,Medical insurance
3903884650,1,401(k)
3905373514,1,401(k)
3905373514,1,Commuter benefits
3905381068,1,401(k)
3905374402,1,401(k)
3905374402,1,Vision insurance
3905374402,1,Dental insurance
3905380284,1,401(k)
3905378448,1,401(k)
3903886521,1,Disability insurance
3903886521,1,401(k)
3903889185,1,Vision insurance
3903889185,1,401(k)
3903889185,1,Disability insurance
3905374777,1,401(k)
3903887509,1,Disability insurance
3903887509,1,401(k)
3905379067,1,401(k)
3903885537,1,Disability insurance
3903885537,1,401(k)
3905376621,1,401(k)
3905373899,1,401(k)
3901997625,1,Vision insurance
3901997625,1,Commuter benefits
3901997625,1,401(k)
3905380154,1,401(k)
3905380154,1,Vision insurance
3903883778,1,401(k)
3905374776,1,401(k)
3903884710,1,Disability insurance
3903884710,1,401(k)
3903884713,1,Disability insurance
3903884713,1,401(k)
3905380359,1,401(k)
3903882793,1,401(k)
3903882793,1,Tuition assistance
3905395200,1,401(k)
3905395200,1,Vision insurance
3903888865,1,401(k)
3903891244,1,Medical insurance
3905381063,1,401(k)
3903885860,1,401(k)
3903890235,1,Disability insurance
3903890235,1,Dental insurance
3903883733,1,401(k)
3903887958,1,401(k)
3903882786,1,Disability insurance
3903882786,1,401(k)
3903888717,1,401(k)
3903885530,1,Disability insurance
3903885530,1,401(k)
3903888332,1,401(k)
3905375638,1,401(k)
3901992901,1,Vision insurance
3901992901,1,Commuter benefits
3901992901,1,401(k)
3903882785,1,Disability insurance
3903882785,1,401(k)
3903888868,1,401(k)
3903887961,1,401(k)
3903891214,1,401(k)
3903891214,1,Disability insurance
3903882724,1,401(k)
3903892367,1,401(k)
3903881485,1,401(k)
3903889738,1,401(k)
3903886524,1,Disability insurance
3903886524,1,401(k)
3903889735,1,401(k)
3903886962,1,401(k)
3903886962,1,Disability insurance
3903883785,1,Disability insurance
3903883785,1,401(k)
3903885469,1,401(k)
3903888329,1,401(k)
3903889180,1,Disability insurance
3903889180,1,401(k)
3905394325,1,401(k)
3905394325,1,Vision insurance
3903895162,1,401(k)
3905395124,1,401(k)
3905395610,1,401(k)
3905395610,1,Disability insurance
3905397558,1,401(k)
3905397558,1,Disability insurance
3904006358,1,401(k)
3904006355,1,401(k)
3904008349,1,401(k)
3904009713,1,401(k)
3904005764,1,401(k)
3904006354,1,401(k)
3904010036,1,401(k)
3902310584,1,401(k)
3904054621,1,401(k)
3904059246,1,401(k)
3905649632,1,401(k)
3902325113,1,401(k)
3902325113,1,Commuter benefits
3902317971,1,401(k)
3902317971,1,Commuter benefits
3902318886,1,401(k)
3902318886,1,Commuter benefits
3902317987,1,401(k)
3902317987,1,Commuter benefits
3902325039,1,401(k)
3902325039,1,Commuter benefits
3902318823,1,401(k)
3902318823,1,Commuter benefits
3902325041,1,401(k)
3902325041,1,Commuter benefits
3905658734,1,Vision insurance
3904064088,1,401(k)
3904064088,1,Medical insurance
3902328367,1,401(k)
3902328367,1,Commuter benefits
3902326466,1,401(k)
3902326466,1,Commuter benefits
3905664844,1,401(k)
3905663956,1,401(k)
3905663956,1,Commuter benefits
3905663893,1,401(k)
3905663893,1,Commuter benefits
3905669403,1,401(k)
3905669403,1,Commuter benefits
3905665827,1,401(k)
3905665827,1,Commuter benefits
3905670220,1,401(k)
3905670220,1,Commuter benefits
3905671086,1,Tuition assistance
3905670287,1,401(k)
3905670287,1,Medical insurance
3905670287,1,Disability insurance
3905665831,1,401(k)
3905665831,1,Medical insurance
3905665831,1,Disability insurance
3905666718,1,401(k)
3905666718,1,Vision insurance
3905666718,1,Dental insurance
3905666660,1,401(k)
3905666660,1,Dental insurance
3905666660,1,Medical insurance
3905666660,1,Vision insurance
3905668438,1,Tuition assistance
3905668619,1,401(k)
3905668619,1,Disability insurance
3905671391,1,401(k)
3905669780,1,401(k)
3905675030,1,401(k)
3905672276,1,401(k)
3905668778,1,401(k)
3905667981,1,401(k)
3902329812,1,401(k)
3902329812,1,Pension plan
3904067371,1,401(k)
3904064786,1,Disability insurance
3904064786,1,401(k)
3904064786,1,Tuition assistance
3904064786,1,Pension plan
3904062838,1,401(k)
3904063818,1,401(k)
3904062827,1,401(k)
3904062827,1,Dental insurance
3904062827,1,Medical insurance
3904067481,1,401(k)
3904067481,1,Dental insurance
3904067481,1,Medical insurance
3904067481,1,Vision insurance
3904062839,1,401(k)
3904069296,1,401(k)
3904062813,1,401(k)
3904062819,1,401(k)
3904063803,1,401(k)
3904063803,1,Medical insurance
3904064806,1,401(k)
3904064806,1,Dental insurance
3904064806,1,Medical insurance
3904064806,1,Vision insurance
3904063805,1,401(k)
3904071081,1,401(k)
3904067451,1,401(k)
3904068340,1,Disability insurance
3904068362,1,Disability insurance
3904068362,1,401(k)
3904066609,1,Tuition assistance
3904067461,1,401(k)
3904062937,1,401(k)
3904068482,1,401(k)
3904062837,1,401(k)
3904062837,1,Dental insurance
3904062837,1,Medical insurance
3904062837,1,Vision insurance
3904062849,1,401(k)
3904062847,1,Pension plan
3904062847,1,Vision insurance
3904062847,1,401(k)
3904069373,1,401(k)
3904069373,1,Tuition assistance
3904069373,1,Disability insurance
3904069373,1,Vision insurance
3904064709,1,401(k)
3904064709,1,Medical insurance
3904069583,1,401(k)
3904068590,1,401(k)
3904062846,1,Vision insurance
3904062846,1,401(k)
3904069793,1,401(k)
3904069793,1,Medical insurance
3904063808,1,401(k)
3904063808,1,Dental insurance
3904063808,1,Medical insurance
3904063808,1,Vision insurance
3904062828,1,401(k)
3904068341,1,401(k)
3905675361,1,401(k)
3905800101,1,401(k)
3905800101,1,Disability insurance
3902339869,1,Vision insurance
3902339869,1,401(k)
3902342307,1,Vision insurance
3902342307,1,401(k)
3904085742,1,401(k)
3904085745,1,401(k)
3905820672,1,401(k)
3905820672,1,Disability insurance
3905824208,1,401(k)
3905824208,1,Disability insurance
3905824208,1,Dental insurance
3905818855,1,401(k)
3905818855,1,Disability insurance
3905822378,1,401(k)
3905822378,1,Disability insurance
3905819756,1,401(k)
3905819756,1,Disability insurance
3905816983,1,401(k)
3905816983,1,Disability insurance
3905822964,0,Medical insurance
3905822964,0,Vision insurance
3905822964,0,Dental insurance
3905822964,0,401(k)
3902345428,1,401(k)
3902348001,0,Medical insurance
3902348001,0,Vision insurance
3902348001,0,Dental insurance
3902348001,0,401(k)
3902342921,0,Medical insurance
3902342921,0,Vision insurance
3902342921,0,Dental insurance
3902342921,0,401(k)
3902342982,1,Vision insurance
3904093978,0,Medical insurance
3904093978,0,Vision insurance
3904093978,0,Dental insurance
3904093978,0,401(k)
3905838346,1,Disability insurance
3905838346,1,Tuition assistance
3904500276,0,Medical insurance
3904500276,0,Vision insurance
3904500276,0,Dental insurance
3904500276,0,401(k)
3904097538,0,Medical insurance
3904097538,0,Vision insurance
3904097538,0,Dental insurance
3904097538,0,401(k)
3902354098,1,401(k)
3902351156,1,401(k)
3904098551,0,Medical insurance
3904098551,0,Vision insurance
3904098551,0,Dental insurance
3904098551,0,401(k)
3904094673,0,Medical insurance
3904094673,0,Vision insurance
3904094673,0,Dental insurance
3904094673,0,401(k)
3904500387,0,Medical insurance
3904500387,0,Vision insurance
3904500387,0,Dental insurance
3904500387,0,401(k)
3904500387,0,Disability insurance
3902350604,0,Medical insurance
3902350604,0,Vision insurance
3902350604,0,Dental insurance
3902350604,0,401(k)
3905845963,0,401(k)
3905845963,0,Paid maternity leave
3905845963,0,Paid paternity leave
3905845963,0,Medical insurance
3905845963,0,Vision insurance
3905845963,0,Dental insurance
3902343854,1,401(k)
3904501308,1,401(k)
3905855215,0,Medical insurance
3905855215,0,Vision insurance
3905855215,0,Dental insurance
3905855215,0,401(k)
3904097769,1,401(k)
3902354790,0,Medical insurance
3902354790,0,Vision insurance
3902354790,0,Dental insurance
3902354790,0,401(k)
3904096854,1,401(k)
3904099961,0,Medical insurance
3904099961,0,Vision insurance
3904099961,0,Dental insurance
3904099961,0,401(k)
3904504214,0,Medical insurance
3904504214,0,Vision insurance
3904504214,0,Dental insurance
3904504214,0,401(k)
3904505199,1,401(k)
3905866239,1,Medical insurance
3904502363,0,Medical insurance
3904502363,0,Vision insurance
3904502363,0,Dental insurance
3904502363,0,401(k)
3902359102,1,Disability insurance
3902360042,1,401(k)
3902361032,1,401(k)
3905865640,0,Medical insurance
3905865640,0,Vision insurance
3905865640,0,Dental insurance
3905865640,0,401(k)
3905865640,0,Tuition assistance
3905865640,0,Disability insurance
3905869429,0,Medical insurance
3905869429,0,Vision insurance
3905869429,0,Dental insurance
3905869429,0,401(k)
3905869429,0,Tuition assistance
3905867654,0,Medical insurance
3905867654,0,Vision insurance
3905867654,0,Dental insurance
3905867654,0,401(k)
3905867654,0,Tuition assistance
3905867654,0,Disability insurance
3905864974,0,Medical insurance
3905864974,0,Vision insurance
3905864974,0,Dental insurance
3905864974,0,401(k)
3905864974,0,Tuition assistance
3905864974,0,Disability insurance
3902361473,1,Vision insurance
3905863869,1,401(k)
3905866566,1,401(k)
3905863866,1,401(k)
3905870036,1,401(k)
3905863863,1,401(k)
3905868365,1,401(k)
3905875308,0,Medical insurance
3905875308,0,Vision insurance
3905875308,0,Dental insurance
3905875308,0,401(k)
3902362811,1,401(k)
3902362811,1,Tuition assistance
3902362809,1,401(k)
3902362809,1,Tuition assistance
3902362813,1,401(k)
3902362813,1,Tuition assistance
3904509601,1,401(k)
3904509601,1,Tuition assistance
3905877806,0,Medical insurance
3905877806,0,401(k)
3905877806,0,Commuter benefits
3905877806,0,Dental insurance
3905877806,0,Vision insurance
3905885030,0,Medical insurance
3905885030,0,401(k)
3905885030,0,Commuter benefits
3905885030,0,Dental insurance
3905885030,0,Vision insurance
3902358878,1,Vision insurance
3902358878,1,Commuter benefits
3902358878,1,401(k)
3902356995,1,Vision insurance
3902356995,1,Commuter benefits
3902356995,1,401(k)
3902361826,1,Medical insurance
3902361826,1,401(k)
3902358882,1,Vision insurance
3902358882,1,Commuter benefits
3902358882,1,401(k)
3902361718,1,Vision insurance
3902361718,1,Commuter benefits
3902361718,1,401(k)
3902368465,0,Medical insurance
3902368465,0,Vision insurance
3902368465,0,Dental insurance
3902368465,0,401(k)
3902364709,1,401(k)
3905874839,1,401(k)
3904510651,1,401(k)
3902368602,1,401(k)
3902368602,1,Vision insurance
3902368602,1,Disability insurance
3902367675,1,401(k)
3902367675,1,Vision insurance
3902367675,1,Disability insurance
3906071625,1,401(k)
3906071625,1,Disability insurance
3906074373,1,401(k)
3906074373,1,Disability insurance
3906070773,1,401(k)
3906070773,1,Disability insurance
3906074377,1,401(k)
3906074377,1,Disability insurance
3906071632,1,401(k)
3906071632,1,Disability insurance
3906069844,1,401(k)
3906069844,1,Disability insurance
3906074379,1,401(k)
3906074379,1,Disability insurance
3906076177,1,401(k)
3906076177,1,Disability insurance
3906076181,1,401(k)
3906076181,1,Disability insurance
3906074370,1,401(k)
3906074370,1,Disability insurance
3906076170,1,401(k)
3906076170,1,Disability insurance
3906076173,1,401(k)
3906076173,1,Disability insurance
3906075301,1,401(k)
3906075301,1,Disability insurance
3906073527,1,401(k)
3906073527,1,Disability insurance
3906077157,1,401(k)
3906077157,1,Disability insurance
3906076185,1,401(k)
3906076185,1,Disability insurance
3906071624,1,401(k)
3906071624,1,Disability insurance
3906074382,1,401(k)
3906074382,1,Disability insurance
3906071636,1,401(k)
3906071636,1,Disability insurance
3906076174,1,401(k)
3906076174,1,Disability insurance
3906076178,1,401(k)
3906076178,1,Disability insurance
3906076189,1,401(k)
3906076189,1,Disability insurance
3906069850,1,401(k)
3906069850,1,Disability insurance
3906074376,1,401(k)
3906074376,1,Disability insurance
3906076176,1,401(k)
3906076176,1,Disability insurance
3906076184,1,401(k)
3906076184,1,Disability insurance
3902805879,0,Medical insurance
3902805879,0,Vision insurance
3902805879,0,Dental insurance
3902805879,0,401(k)
3902805879,0,Paid maternity leave
3902805879,0,Paid paternity leave
3902805879,0,Disability insurance
3902805879,0,Commuter benefits
3902805879,0,Tuition assistance
3906073522,1,401(k)
3906073522,1,Disability insurance
3906073522,1,Dental insurance
3906075306,1,401(k)
3906075306,1,Disability insurance
3906073530,1,401(k)
3906073530,1,Disability insurance
3906074368,1,401(k)
3906074368,1,Disability insurance
3906073528,1,401(k)
3906073528,1,Disability insurance
3906071622,1,401(k)
3906071622,1,Disability insurance
3906074383,1,401(k)
3906074383,1,Disability insurance
3906072666,1,401(k)
3906072666,1,Disability insurance
3906076182,1,401(k)
3906076182,1,Disability insurance
3906073532,1,401(k)
3906073532,1,Disability insurance
3906076167,1,401(k)
3906076167,1,Disability insurance
3906076167,1,Dental insurance
3906077141,1,401(k)
3906077141,1,Disability insurance
3906077141,1,Dental insurance
3906074375,1,401(k)
3906074375,1,Disability insurance
3906074372,1,401(k)
3906074372,1,Disability insurance
3906074372,1,Dental insurance
3906076188,1,401(k)
3906076188,1,Disability insurance
3906094611,1,Medical insurance
3906073525,1,401(k)
3906073525,1,Disability insurance
3906073541,1,401(k)
3906073541,1,Disability insurance
3906071638,1,401(k)
3906071638,1,Disability insurance
3906069840,1,401(k)
3906069840,1,Disability insurance
3902813696,1,Medical insurance
3906069846,1,401(k)
3906069846,1,Disability insurance
3906070762,1,401(k)
3906070762,1,Disability insurance
3906070762,1,Dental insurance
3904580995,1,Medical insurance
3904581573,1,401(k)
3904588292,1,401(k)
3904588292,1,Paid paternity leave
3906202041,1,Medical insurance
3904575624,0,Medical insurance
3904575624,0,Tuition assistance
3904575624,0,Disability insurance
3904575624,0,Paid maternity leave
3904575624,0,Vision insurance
3904575624,0,Dental insurance
3904575624,0,401(k)
3904575624,0,Paid paternity leave
3904575624,0,Pension plan
3902829822,1,401(k)
3904584337,1,401(k)
3904584337,1,Medical insurance
3904584532,1,Disability insurance
3904584532,1,401(k)
3906071640,1,401(k)
3906071640,1,Disability insurance
3902834439,0,Medical insurance
3902834439,0,Dental insurance
3902834439,0,Vision insurance
3902834439,0,401(k)
3904598807,1,401(k)
3904598807,1,Medical insurance
3904703377,1,401(k)
3904704369,1,401(k)
3904700766,1,401(k)
3904598993,1,401(k)
3906221646,1,Vision insurance
3906221646,1,401(k)
3906224231,1,Vision insurance
3906224231,1,401(k)
3904704555,1,401(k)
3906225131,1,Vision insurance
3906225131,1,401(k)
3906225881,1,401(k)
3906225881,1,Tuition assistance
3902841914,1,401(k)
3906224796,1,401(k)
3906224796,1,Commuter benefits
3906230273,1,Tuition assistance
3906230273,1,401(k)
3902849298,1,Medical insurance
3906230199,1,401(k)
3906230199,1,Vision insurance
3906230199,1,Dental insurance
3902865456,0,Medical insurance
3902865456,0,Vision insurance
3902865456,0,401(k)
3902865456,0,Dental insurance
3904709927,1,401(k)
3902862401,1,Vision insurance
3902862401,1,401(k)
3902861521,1,Vision insurance
3902861521,1,401(k)
3902865338,1,Vision insurance
3902865338,1,401(k)
3904710848,1,401(k)
3902865327,1,Vision insurance
3902865327,1,401(k)
3902864365,1,401(k)
3904714369,1,Disability insurance
3904714369,1,401(k)
3904714369,1,Tuition assistance
3904714369,1,Pension plan
3902865882,0,Medical insurance
3902865882,0,Vision insurance
3902865882,0,Dental insurance
3902862745,1,Vision insurance
3902862745,1,Commuter benefits
3902862745,1,401(k)
3902860981,1,Vision insurance
3902860981,1,Commuter benefits
3902860981,1,401(k)
3902865721,1,Vision insurance
3902865721,1,Commuter benefits
3902865721,1,401(k)
3904720655,1,401(k)
3904720655,1,Disability insurance
3904722147,1,401(k)
3904722147,1,Disability insurance
3904716980,1,401(k)
3904716980,1,Disability insurance
3902862981,0,Medical insurance
3902862981,0,Dental insurance
3902862981,0,Vision insurance
3902862981,0,401(k)
3904719967,1,401(k)
3904719967,1,Tuition assistance
3904724318,1,401(k)
3904724318,1,Tuition assistance
3904723330,1,401(k)
3904723330,1,Tuition assistance
3904724320,1,401(k)
3904724320,1,Tuition assistance
3904722494,1,401(k)
3904722494,1,Tuition assistance
3904726094,1,401(k)
3904726094,1,Tuition assistance
3906255027,1,401(k)
3906252665,1,401(k)
3906259326,1,401(k)
3906259326,1,Disability insurance
3906255529,1,401(k)
3906255529,1,Disability insurance
3906252036,1,Disability insurance
3906252036,1,401(k)
3906250298,1,Disability insurance
3906250298,1,401(k)
3902877477,0,Medical insurance
3902877477,0,Vision insurance
3902877477,0,Dental insurance
3902877477,0,401(k)
3906259931,0,Medical insurance
3906259931,0,Vision insurance
3906259931,0,Dental insurance
3906259931,0,401(k)
3902880424,1,401(k)
3902876605,1,401(k)
3906266229,0,Medical insurance
3906266229,0,Vision insurance
3906266229,0,Dental insurance
3906266229,0,Disability insurance
3906265311,0,Medical insurance
3906265311,0,Vision insurance
3906265311,0,401(k)
3906265311,0,Dental insurance
3906265311,0,Paid paternity leave
3906265311,0,Paid maternity leave
3902881499,1,Dental insurance
